preco,Id
1660029.242303019,0
288125.4728545147,1
573762.0609291105,2
372015.5745676993,3
384981.6007669197,4
206192.15526118997,5
685184.2127039112,6
350227.26561694744,7
333168.55799900996,8
1203365.429505709,9
548612.0397769524,10
582575.7088040857,11
1027764.1534641712,12
346610.0289712607,13
841357.1143617298,14
702237.616413393,15
374748.5744271903,16
376576.3523438558,17
388549.86091648776,18
1144329.1664181119,19
876677.530490206,20
293845.2873976903,21
344344.43305615586,22
346493.7140720209,23
404426.8124628417,24
302160.44483133353,25
514438.5066188843,26
566035.60151742,27
900361.3862854375,28
749043.86891389,29
318987.24638671917,30
1700416.6294819394,31
1324543.0305808366,32
1783184.955771305,33
1160842.5737786277,34
353381.3933482606,35
488828.82138761354,36
1364127.021807691,37
433926.4338970714,38
381523.04065974505,39
1541660.5429923113,40
970941.0691525675,41
374748.5744271903,42
1301182.5031330152,43
1261704.7754424717,44
349787.06437405635,45
804945.6145246025,46
578296.6374910555,47
425284.60801065684,48
390027.41257646924,49
513870.7647443999,50
351187.9169736656,51
685222.0789242561,52
823349.2499734708,53
951894.560099807,54
384981.6007669197,55
606340.4413748983,56
416157.41382533644,57
847423.4804889063,58
1353581.6304406195,59
1234329.2133640822,60
572981.2126874063,61
1503932.094990641,62
1801229.6159414167,63
377709.6043766213,64
409543.93178321765,65
578296.6374910555,66
1085783.8659606343,67
842465.988708679,68
308326.1527575422,69
1256731.4150319144,70
219345.0724121801,71
426872.2104355756,72
675412.2466240413,73
336373.1044394095,74
1935873.11505217,75
267559.98014917225,76
421284.91125542467,77
267918.6470169186,78
451510.07277236274,79
527815.6379605118,80
380449.1769790398,81
351775.82952818,82
1396347.1808969178,83
1837935.4191989917,84
409543.93178321765,85
386006.9057691774,86
702237.616413393,87
514438.5066188843,88
368107.6444010092,89
482677.45602970896,90
898070.883438159,91
291473.2292011379,92
300491.8818796781,93
227311.98397502056,94
887011.8150346703,95
1034597.9475580434,96
1817496.7126150797,97
415847.6509280975,98
588227.022904672,99
558511.5522906168,100
384981.6007669197,101
1287369.007537665,102
823305.4796092517,103
397120.59208964,104
827789.2001358836,105
842465.988708679,106
992206.4468383199,107
377709.6043766213,108
587207.5567329765,109
403544.56253353175,110
845027.5853308252,111
433782.6612554234,112
384120.25710237666,113
760640.6443184314,114
370591.1126025888,115
610792.398141698,116
1850087.7378858614,117
1073481.5249266084,118
370372.8333666264,119
1515307.1933460322,120
300491.8818796781,121
570647.8553397325,122
314012.0153311159,123
294014.27453663695,124
655226.1484262812,125
353381.3933482606,126
1396347.1808969178,127
258869.1071084067,128
1294229.7239916862,129
1416008.5158352032,130
1694188.292806369,131
764928.5229166694,132
1254912.1981910828,133
1301182.5031330152,134
580143.7680907375,135
537510.8966577102,136
1194115.939699062,137
893711.8116637039,138
422987.01437063806,139
1838599.6289721925,140
339915.21390933375,141
298345.22154974466,142
1401799.2805591733,143
340881.490616492,144
598890.0728385234,145
262332.7995615084,146
1364127.021807691,147
584492.2275642552,148
1125284.5374667873,149
487177.2138185667,150
647261.3524077672,151
823349.2499734708,152
782106.2305772717,153
459862.2597455442,154
751908.702262872,155
459862.2597455442,156
384120.25710237666,157
610792.398141698,158
1918643.8245759786,159
1397738.4443096558,160
488828.82138761354,161
1210198.1586958147,162
510847.9503695952,163
292564.70135438524,164
397059.6364814633,165
463029.4360598956,166
632755.7291435516,167
359830.6524205674,168
1408899.9407376063,169
584492.2275642552,170
414570.10445517156,171
692857.240614344,172
649760.1175017119,173
536636.0203816186,174
1903057.1628293365,175
681594.7687474408,176
386006.9057691774,177
1197196.639596638,178
393745.24210035347,179
949149.7467704742,180
403544.56253353175,181
1290257.5312830065,182
586467.7613707678,183
685184.2127039112,184
414570.10445517156,185
503276.30669757165,186
459862.2597455442,187
1282899.6439037586,188
346493.7140720209,189
1157058.1224384864,190
1133157.7170471742,191
273850.10325273755,192
309466.42388666415,193
400744.05539365375,194
672360.0359005426,195
332273.4696470418,196
1441312.5359389307,197
318121.3656291374,198
657853.3308775419,199
992488.6830080968,200
306513.1052358703,201
588227.022904672,202
1128050.7020570035,203
655226.1484262812,204
219840.4774541968,205
219345.0724121801,206
378311.86486592103,207
1291902.0004895034,208
1640742.5585964175,209
775740.769499781,210
1975104.758891525,211
459862.2597455442,212
566035.60151742,213
1004347.6718253973,214
351775.82952818,215
268251.2686188798,216
616308.1788607641,217
510847.9503695952,218
292239.81620227307,219
572981.2126874063,220
1071728.6632377848,221
1193225.4621834105,222
306007.1132122138,223
346493.7140720209,224
487978.84969690733,225
397059.6364814633,226
604843.716705432,227
886217.84599041,228
588227.022904672,229
347885.890093107,230
408953.28426048136,231
368107.6444010092,232
657853.3308775419,233
598890.0728385234,234
269377.8456962712,235
1115750.145242993,236
1324543.0305808366,237
1229002.8958547479,238
519279.6421362464,239
868283.1203503892,240
265132.7887727619,241
566035.60151742,242
391963.73383687896,243
986992.2973444447,244
370372.8333666264,245
528677.8829669931,246
588227.022904672,247
495213.368918761,248
868283.1203503892,249
1783184.955771305,250
333986.4563893602,251
566035.60151742,252
580143.7680907375,253
657853.3308775419,254
803524.9110770972,255
306007.1132122138,256
979616.03866822,257
1353581.6304406195,258
1058463.3990351039,259
565903.7060145601,260
702237.616413393,261
308326.1527575422,262
835890.2517452108,263
346493.7140720209,264
361604.1337818059,265
397059.6364814633,266
714636.7839532815,267
393745.24210035347,268
1301182.5031330152,269
404964.46085981926,270
559626.7584931623,271
682164.2939110385,272
488828.82138761354,273
484033.3412500872,274
472108.98818759725,275
477616.8289056562,276
1399397.9249898614,277
306007.1132122138,278
970599.194400811,279
269618.74232959293,280
836174.1754440133,281
384981.6007669197,282
386006.9057691774,283
1214961.095667124,284
1535550.0897369657,285
340881.490616492,286
971645.8476808635,287
566035.60151742,288
1071728.6632377848,289
717759.9717581433,290
686436.070971614,291
1093440.9485093867,292
583508.0133914355,293
1866180.332135501,294
432296.9169238216,295
528680.6379572919,296
1132518.5841261765,297
361793.24841772584,298
757792.3372464315,299
1083757.2971853816,300
767414.9131737305,301
403544.56253353175,302
605122.2134251884,303
367438.4250610339,304
287659.356299348,305
262332.7995615084,306
514281.2582361241,307
359830.6524205674,308
583508.0133914355,309
308326.1527575422,310
1379112.585459413,311
1650527.8972234817,312
586963.8647764775,313
317012.5140104994,314
1054548.8202608146,315
1480755.5654326233,316
1490787.646190738,317
346610.0289712607,318
365749.1230031744,319
333168.55799900996,320
1541854.841219131,321
1183095.9047107806,322
378311.86486592103,323
281524.1686009311,324
656313.1076391655,325
409543.93178321765,326
1765482.2908463913,327
1062216.904460113,328
384626.99740055524,329
767414.9131737305,330
383544.1880309692,331
656313.1076391655,332
1118934.2003079364,333
1376919.3246907422,334
459862.2597455442,335
346493.7140720209,336
537646.2003058534,337
1008449.3490817028,338
437805.60203832574,339
414570.10445517156,340
1212124.5687661127,341
1089506.6562870494,342
1270076.2140854127,343
832819.0193238095,344
952509.6614806423,345
400340.33457034593,346
655226.1484262812,347
588227.022904672,348
1120165.7816273733,349
432296.9169238216,350
1388990.957304251,351
514438.5066188843,352
1549663.3899412695,353
386006.9057691774,354
664197.2639396363,355
524676.3304333367,356
1402494.8855113941,357
377470.79602094175,358
926894.8315409427,359
318987.24638671917,360
1347595.4134788543,361
279299.31409685756,362
390027.41257646924,363
377709.6043766213,364
909505.3885659244,365
1158829.053699387,366
272264.7632995168,367
1765482.2908463913,368
1678659.990392857,369
347885.890093107,370
439494.02347764524,371
690009.1222923456,372
1338841.7500635837,373
1052073.7879395487,374
1431981.441566191,375
353381.3933482606,376
426872.2104355756,377
1265931.5386722223,378
531147.4624276159,379
508565.2736485325,380
333168.55799900996,381
519279.6421362464,382
744581.7448894636,383
808786.435948557,384
499709.4066412395,385
1373017.5962248861,386
1147725.5055516933,387
333168.55799900996,388
868283.1203503892,389
682891.590667516,390
403544.56253353175,391
1165367.3113596009,392
551706.2038059997,393
317012.5140104994,394
347885.890093107,395
390027.41257646924,396
514281.2582361241,397
692857.240614344,398
702237.616413393,399
659208.23745206,400
358134.0556597277,401
689074.8680233293,402
400744.05539365375,403
799736.5412853521,404
1293869.481680305,405
333168.55799900996,406
580143.7680907375,407
900211.476246609,408
527815.6379605118,409
510658.1485645679,410
291518.6855114247,411
243674.73099679724,412
475552.330065016,413
487177.2138185667,414
510658.1485645679,415
657853.3308775419,416
508499.2028653839,417
370372.8333666264,418
302160.44483133353,419
470107.1160855746,420
378365.41826507385,421
219345.0724121801,422
318987.24638671917,423
318987.24638671917,424
620775.48285979,425
823349.2499734708,426
964854.764915164,427
1517229.5635049238,428
371115.773056074,429
377855.6831365534,430
333168.55799900996,431
1062216.904460113,432
250041.26489416257,433
999448.9730429531,434
566346.2032626045,435
1553376.21670599,436
1339552.2417634702,437
333168.55799900996,438
267135.8604736516,439
705682.3886475945,440
423449.5924766151,441
318987.24638671917,442
350417.1645609457,443
949149.7467704742,444
609142.7124144675,445
332273.4696470418,446
346493.7140720209,447
950794.3327004996,448
350640.37866560253,449
265047.13640238956,450
1120165.7816273733,451
1132518.5841261765,452
414570.10445517156,453
346610.0289712607,454
580143.7680907375,455
1058931.5442442931,456
371115.773056074,457
339895.2355832694,458
351187.9169736656,459
269618.74232959293,460
702237.616413393,461
399664.85251214146,462
609142.7124144675,463
360028.63162259036,464
546045.735244619,465
1051729.3485234757,466
1430799.3359862443,467
808786.435948557,468
1854813.2700555255,469
1406521.9094790758,470
514438.5066188843,471
397059.6364814633,472
231701.6335179613,473
403544.56253353175,474
1393416.5793317892,475
845027.5853308252,476
388355.52555236476,477
416964.4096672453,478
676527.4256465919,479
510658.1485645679,480
1347797.3911158862,481
663046.0959349482,482
390027.41257646924,483
514438.5066188843,484
810747.2790760688,485
1496783.6158296296,486
484033.3412500872,487
961686.9211893368,488
404964.46085981926,489
715448.0567159939,490
423613.67698183446,491
346610.0289712607,492
432296.9169238216,493
647261.3524077672,494
1434855.0383186133,495
965773.1717267405,496
580143.7680907375,497
604843.716705432,498
621202.2263806632,499
1339552.2417634702,500
1156629.0197489848,501
689074.8680233293,502
386006.9057691774,503
414570.10445517156,504
1197196.639596638,505
1430799.3359862443,506
534270.9519391141,507
356513.7885627483,508
566035.60151742,509
498624.8069370042,510
513870.7647443999,511
1519757.0750060505,512
397059.6364814633,513
310952.9689698808,514
384981.6007669197,515
1050765.0600913635,516
714636.7839532815,517
770987.5528353753,518
353381.3933482606,519
1877776.504158671,520
1130944.3391595003,521
572981.2126874063,522
243674.73099679724,523
1120165.7816273733,524
1385105.895670778,525
932693.1191409555,526
1710250.7265148894,527
583550.0475974968,528
295535.09829048475,529
823305.4796092517,530
906442.4392000096,531
578296.6374910555,532
1127957.6492671096,533
343165.91054320877,534
368452.8729319194,535
396851.9139482796,536
1855137.5788650482,537
1176278.0173875303,538
1650527.8972234817,539
362064.4268808093,540
287296.0040871031,541
639407.8390130232,542
1172265.002112086,543
384383.93126102287,544
527815.6379605118,545
332273.4696470418,546
1335714.5229340696,547
330562.1766266259,548
370372.8333666264,549
633645.1078512546,550
353381.3933482606,551
1442887.5811817837,552
607902.2382827323,553
389861.6131371587,554
346610.0289712607,555
353381.3933482606,556
313286.33249649487,557
351187.9169736656,558
1278662.498905789,559
657853.3308775419,560
563893.3533390096,561
243674.73099679724,562
566035.60151742,563
588227.022904672,564
618534.126849476,565
286264.3628911187,566
318121.3656291374,567
610792.398141698,568
768683.2203716288,569
349852.2748088077,570
739730.2925801323,571
407429.39776010456,572
721839.6609164162,573
346493.7140720209,574
411197.9157586494,575
1301949.8139219577,576
1218790.422539529,577
243790.9627422028,578
727790.075457402,579
1062216.904460113,580
339915.21390933375,581
1849901.071219195,582
1837935.4191989917,583
368107.6444010092,584
1627423.7135281737,585
764723.9364530572,586
1301182.5031330152,587
1133424.3426674604,588
610792.398141698,589
283673.51152169093,590
1062748.912902874,591
361860.8219030363,592
484033.3412500872,593
347885.890093107,594
379383.3028644388,595
563017.3903322044,596
477169.8791193124,597
655226.1484262812,598
677342.860289063,599
701293.3810932894,600
803684.8786165012,601
766053.1668191855,602
344344.43305615586,603
399664.85251214146,604
1081778.8177870312,605
197373.0966007237,606
779458.5931053392,607
566035.60151742,608
1229002.8958547479,609
420864.2624648609,610
685184.2127039112,611
583550.0475974968,612
751908.702262872,613
527815.6379605118,614
1813436.4054309549,615
300491.8818796781,616
1013830.5412057153,617
337623.07534723077,618
426872.2104355756,619
371115.773056074,620
377470.79602094175,621
1848224.0151110808,622
1588202.60172058,623
390027.41257646924,624
514438.5066188843,625
384981.6007669197,626
1753788.2214638025,627
448048.30022050167,628
1399397.9249898614,629
367438.4250610339,630
841357.1143617298,631
525846.1254540298,632
666917.2495096908,633
346610.0289712607,634
481880.9498215715,635
588227.022904672,636
566035.60151742,637
389861.6131371587,638
261386.94168879747,639
701234.3865880951,640
1072912.1218470917,641
399778.3703418747,642
632755.7291435516,643
353381.3933482606,644
578296.6374910555,645
378311.86486592103,646
359830.6524205674,647
390027.41257646924,648
386006.9057691774,649
513870.7647443999,650
1132518.5841261765,651
437805.60203832574,652
588227.022904672,653
371115.773056074,654
1316292.4852636333,655
267135.8604736516,656
261042.64327609885,657
399664.85251214146,658
371115.773056074,659
536636.0203816186,660
953919.931608041,661
610000.5548000183,662
825528.0789370763,663
566035.60151742,664
318121.3656291374,665
536636.0203816186,666
580143.7680907375,667
769679.9257537884,668
721839.6609164162,669
1120165.7816273733,670
657853.3308775419,671
413067.2297364018,672
778361.4162181473,673
991580.4641140547,674
526358.7458327655,675
377709.6043766213,676
566035.60151742,677
295535.09829048475,678
192765.0590731855,679
631335.9545271696,680
317012.5140104994,681
347885.890093107,682
326294.3718579353,683
514438.5066188843,684
823349.2499734708,685
1448157.8455473727,686
403544.56253353175,687
604843.716705432,688
305049.8762076471,689
843468.4518643277,690
827789.2001358836,691
657894.6798633481,692
991697.5742880944,693
570007.5432580519,694
898070.883438159,695
487177.2138185667,696
414570.10445517156,697
876677.530490206,698
341564.7781607611,699
527815.6379605118,700
346493.7140720209,701
556743.2793796395,702
943825.7074843256,703
863602.3653861051,704
422987.01437063806,705
333627.30848894455,706
1660029.242303019,707
273850.10325273755,708
1898511.178702352,709
268251.2686188798,710
756735.2960787121,711
354960.93510828406,712
374748.5744271903,713
566035.60151742,714
1160842.5737786277,715
785586.4390703721,716
1125284.5374667873,717
583065.8996500674,718
197373.0966007237,719
261284.43213112405,720
403544.56253353175,721
618534.126849476,722
207083.4175100941,723
1093440.9485093867,724
478788.35776416253,725
900211.476246609,726
423449.5924766151,727
657853.3308775419,728
377934.60604328284,729
802152.229329355,730
765644.9578802226,731
306007.1132122138,732
475140.73615985323,733
639407.8390130232,734
389695.7799723888,735
244800.43495547774,736
368107.6444010092,737
1196652.6912825399,738
675926.848154604,739
546045.735244619,740
1765482.2908463913,741
596311.9746031746,742
338886.66693488177,743
321911.75456508383,744
347885.890093107,745
367438.4250610339,746
1214961.095667124,747
841357.1143617298,748
312711.41559233266,749
365208.24920755473,750
382134.2960150956,751
253526.28581060385,752
618534.126849476,753
370372.8333666264,754
823349.2499734708,755
607902.2382827323,756
514438.5066188843,757
381523.04065974505,758
384120.25710237666,759
655429.9907041502,760
618534.126849476,761
874598.1638250356,762
283439.4452603879,763
900211.476246609,764
309466.42388666415,765
984404.0493773354,766
1419724.3787038678,767
632755.7291435516,768
932693.1191409555,769
404964.46085981926,770
1347362.4033612541,771
801380.790199134,772
812471.1524260248,773
1877776.504158671,774
984404.0493773354,775
1593523.1297124827,776
1560907.540831119,777
192885.81456931154,778
354824.41264355404,779
462415.28422019316,780
404964.46085981926,781
377709.6043766213,782
816567.5764657722,783
295535.09829048475,784
546045.735244619,785
186205.64482944884,786
1175662.0338586173,787
311928.38635163376,788
332273.4696470418,789
346610.0289712607,790
802098.8094775474,791
340386.6509055968,792
318987.24638671917,793
813252.8620848245,794
677342.860289063,795
537101.2428528608,796
218457.106485596,797
995183.9557836937,798
451841.4501308547,799
677189.8362035083,800
361747.04068336776,801
1270801.6555092693,802
1347797.3911158862,803
384626.99740055524,804
386006.9057691774,805
293766.88419022906,806
346493.7140720209,807
536636.0203816186,808
1408899.9407376063,809
588227.022904672,810
548612.0397769524,811
344344.43305615586,812
332273.4696470418,813
872326.7670206741,814
813411.5388715261,815
1773151.2517683115,816
377470.79602094175,817
386006.9057691774,818
1162898.869783581,819
793842.4136074361,820
335489.59379079664,821
566035.60151742,822
1108966.5126020429,823
451841.4501308547,824
1854215.3001513726,825
261284.43213112405,826
320464.95967404614,827
513870.7647443999,828
312769.6115827388,829
932693.1191409555,830
639417.0746887968,831
225140.77663033223,832
665421.3335648818,833
297464.7114856366,834
900211.476246609,835
1486543.3591692126,836
484033.3412500872,837
1392373.1810857146,838
350640.37866560253,839
367134.2256468964,840
371115.773056074,841
970599.194400811,842
1515307.1933460322,843
1058931.5442442931,844
1106523.0405493083,845
377709.6043766213,846
314012.0153311159,847
379383.3028644388,848
649760.1175017119,849
514438.5066188843,850
598890.0728385234,851
480755.14469549246,852
585510.0024648126,853
427393.1227853917,854
310952.9689698808,855
361860.8219030363,856
922583.5595043844,857
318987.24638671917,858
1083757.2971853816,859
400340.33457034593,860
347885.890093107,861
498624.8069370042,862
353381.3933482606,863
341550.07932222204,864
1779213.927347634,865
301477.1009404661,866
879124.5928256299,867
1561186.4867428795,868
440166.7743899972,869
583508.0133914355,870
1212124.5687661127,871
546045.735244619,872
1525871.642851417,873
1349017.333229134,874
314012.0153311159,875
1315296.0263891744,876
677342.860289063,877
312769.6115827388,878
302236.3595727263,879
578296.6374910555,880
1120165.7816273733,881
1335328.5584494574,882
351271.62040023063,883
1779213.927347634,884
1294791.7858603194,885
676423.4561121635,886
317012.5140104994,887
390027.41257646924,888
753034.3708134651,889
629162.1988265906,890
1129146.0820022966,891
649760.1175017119,892
284421.29141399625,893
192765.0590731855,894
1332271.3677943826,895
588227.022904672,896
295535.09829048475,897
336373.1044394095,898
702237.616413393,899
1392373.1810857146,900
488828.82138761354,901
326294.3718579353,902
783266.2293291857,903
488975.8170646794,904
777841.0424655462,905
1164370.2872738102,906
1266993.326823983,907
991580.4641140547,908
1673202.8187866306,909
421284.91125542467,910
333627.30848894455,911
291473.2292011379,912
1571726.48289294,913
1147485.4229999029,914
1262865.6222222224,915
386006.9057691774,916
1692304.524832044,917
488828.82138761354,918
318987.24638671917,919
444260.59387129574,920
1327553.585573377,921
845915.6139566031,922
273058.1096668496,923
336373.1044394095,924
368107.6444010092,925
359830.6524205674,926
583508.0133914355,927
374050.6754586,928
1087842.5070324708,929
332087.58676402725,930
425556.9059459712,931
889044.0692478189,932
427393.1227853917,933
666917.2495096908,934
250041.26489416257,935
508053.0343908371,936
1783184.955771305,937
368107.6444010092,938
1301182.5031330152,939
440166.7743899972,940
1552930.447416674,941
1093440.9485093867,942
768683.2203716288,943
513276.50181158696,944
1232428.3204725855,945
371115.773056074,946
345054.3288038821,947
578296.6374910555,948
878366.9643632374,949
566035.60151742,950
631335.9545271696,951
1103375.341810346,952
1327624.4145094317,953
1403511.8662907472,954
314328.04293121083,955
1375700.928012048,956
258869.1071084067,957
378311.86486592103,958
351187.9169736656,959
836174.1754440133,960
515468.40905468137,961
592117.9867406777,962
487177.2138185667,963
1724918.943526702,964
487978.84969690733,965
219345.0724121801,966
984404.0493773354,967
1062216.904460113,968
536636.0203816186,969
1529206.2624902902,970
384383.93126102287,971
474710.018167303,972
243790.9627422028,973
258869.1071084067,974
370128.91721445293,975
333627.30848894455,976
632755.7291435516,977
1366969.9569778552,978
833525.6121050429,979
262332.7995615084,980
498363.25683566724,981
386006.9057691774,982
318987.24638671917,983
182276.13502264014,984
1189028.322431782,985
1473730.8735520863,986
1376919.3246907422,987
604843.716705432,988
362064.4268808093,989
304872.0976880131,990
992078.6601732638,991
845915.6139566031,992
288393.8233786769,993
580143.7680907375,994
1160842.5737786277,995
465553.1552496502,996
914344.7908888891,997
657853.3308775419,998
610000.5548000183,999
514438.5066188843,1000
1833072.9449974047,1001
782106.2305772717,1002
260163.80680891906,1003
1164455.4677801633,1004
267559.98014917225,1005
368107.6444010092,1006
802152.229329355,1007
984404.0493773354,1008
347885.890093107,1009
269377.8456962712,1010
1168310.3371150796,1011
562064.5673871093,1012
675412.2466240413,1013
266887.96443711856,1014
519279.6421362464,1015
460755.3827143877,1016
228541.3710331562,1017
721839.6609164162,1018
350417.1645609457,1019
378311.86486592103,1020
306007.1132122138,1021
295535.09829048475,1022
300711.15470440866,1023
1669499.996653778,1024
836174.1754440133,1025
1333555.323297389,1026
527815.6379605118,1027
1062193.703107039,1028
1309041.2591564076,1029
487978.84969690733,1030
474710.018167303,1031
333168.55799900996,1032
1139747.3158928568,1033
514281.2582361241,1034
390027.41257646924,1035
503276.30669757165,1036
267135.8604736516,1037
1180287.3238756931,1038
404964.46085981926,1039
355305.7717033761,1040
347885.890093107,1041
340386.6509055968,1042
1032239.4476620831,1043
399610.9126840658,1044
374748.5744271903,1045
456977.6922717019,1046
1108966.5126020429,1047
1189028.322431782,1048
1160842.5737786277,1049
949149.7467704742,1050
494101.39248444274,1051
1643686.4484849258,1052
1158829.053699387,1053
1415725.9986678425,1054
397059.6364814633,1055
219345.0724121801,1056
620775.48285979,1057
896894.2988326895,1058
1279923.2024531025,1059
497730.73738343373,1060
223680.93603929112,1061
1849901.071219195,1062
874438.1435903815,1063
510658.1485645679,1064
566035.60151742,1065
400744.05539365375,1066
416157.41382533644,1067
676423.4561121635,1068
1362640.6028658862,1069
1650527.8972234817,1070
801166.7564329108,1071
1234329.2133640822,1072
596747.6398062372,1073
396343.7018349118,1074
530189.3411581856,1075
436563.3875966717,1076
318121.3656291374,1077
219358.21080305605,1078
390027.41257646924,1079
655393.5205460967,1080
403544.56253353175,1081
767414.9131737305,1082
1397638.1469589898,1083
304872.0976880131,1084
647065.6916969497,1085
310716.20936159877,1086
514281.2582361241,1087
707515.7044577809,1088
371115.773056074,1089
374748.5744271903,1090
1512616.3598131775,1091
931785.0694025956,1092
384626.99740055524,1093
772721.1091342177,1094
243674.73099679724,1095
656313.1076391655,1096
950794.3327004996,1097
659208.23745206,1098
459862.2597455442,1099
1125284.5374667873,1100
1072912.1218470917,1101
514438.5066188843,1102
1160842.5737786277,1103
702237.616413393,1104
592117.9867406777,1105
397120.59208964,1106
934271.9335113588,1107
583508.0133914355,1108
318987.24638671917,1109
900211.476246609,1110
1470131.9540634248,1111
1561042.7172024737,1112
403544.56253353175,1113
318987.24638671917,1114
944405.0941377392,1115
845915.6139566031,1116
350417.1645609457,1117
655429.9907041502,1118
682164.2939110385,1119
667856.7532693666,1120
1083146.9689896288,1121
336373.1044394095,1122
1355482.3667402305,1123
346913.3162518333,1124
1270357.3206083893,1125
321911.75456508383,1126
1032239.4476620831,1127
346610.0289712607,1128
1116462.0812097122,1129
416432.7266136354,1130
508053.0343908371,1131
566035.60151742,1132
499709.4066412395,1133
1858496.0716556967,1134
1374621.9148912698,1135
1228486.777790476,1136
1008620.2676314592,1137
447777.60742908966,1138
880277.4137428565,1139
588227.022904672,1140
241222.14864773594,1141
459862.2597455442,1142
377470.79602094175,1143
346610.0289712607,1144
578296.6374910555,1145
351187.9169736656,1146
618534.126849476,1147
1503932.094990641,1148
1744298.6821492505,1149
605122.2134251884,1150
409543.93178321765,1151
1850087.7378858614,1152
1058931.5442442931,1153
205172.10015717734,1154
508053.0343908371,1155
655429.9907041502,1156
397059.6364814633,1157
207083.4175100941,1158
649760.1175017119,1159
397059.6364814633,1160
587207.5567329765,1161
377470.79602094175,1162
632755.7291435516,1163
857751.2765463656,1164
1785009.435175757,1165
609142.7124144675,1166
554445.4239989851,1167
390027.41257646924,1168
775002.2181860488,1169
1512170.9125071433,1170
1197196.639596638,1171
700275.7337631031,1172
565937.5722022691,1173
1080095.518246708,1174
377709.6043766213,1175
419702.65341636055,1176
851853.4745034251,1177
823349.2499734708,1178
1332736.7007512767,1179
632755.7291435516,1180
936598.317088407,1181
243790.9627422028,1182
227689.6652574881,1183
507032.48143177415,1184
355338.4841492172,1185
250041.26489416257,1186
339895.2355832694,1187
984404.0493773354,1188
420864.2624648609,1189
1106523.0405493083,1190
346610.0289712607,1191
265754.48185480654,1192
1081595.9603152378,1193
583508.0133914355,1194
232540.19529248084,1195
346610.0289712607,1196
344105.5101161462,1197
440166.7743899972,1198
360028.63162259036,1199
388549.86091648776,1200
682164.2939110385,1201
583508.0133914355,1202
347885.890093107,1203
261042.64327609885,1204
416157.41382533644,1205
354960.93510828406,1206
390027.41257646924,1207
1893457.4436766275,1208
606340.4413748983,1209
710209.2334849205,1210
783266.2293291857,1211
385511.1084837954,1212
872034.3190389056,1213
1125284.5374667873,1214
347885.890093107,1215
390027.41257646924,1216
1509867.1045340672,1217
384120.25710237666,1218
518747.3828633984,1219
610000.5548000183,1220
400744.05539365375,1221
245155.6250356299,1222
346610.0289712607,1223
670554.7733167973,1224
527815.6379605118,1225
399664.85251214146,1226
367438.4250610339,1227
690009.1222923456,1228
782106.2305772717,1229
346493.7140720209,1230
1125284.5374667873,1231
269618.74232959293,1232
596747.6398062372,1233
578296.6374910555,1234
1549663.3899412695,1235
346610.0289712607,1236
1713934.5242700893,1237
380449.1769790398,1238
598172.1186824401,1239
269618.74232959293,1240
744691.2024247586,1241
272469.1532010813,1242
344344.43305615586,1243
371115.773056074,1244
409134.2513119822,1245
1212977.0858644294,1246
1285842.434758812,1247
353381.3933482606,1248
348686.2368527324,1249
344344.43305615586,1250
1043143.041452878,1251
961686.9211893368,1252
527815.6379605118,1253
403544.56253353175,1254
1429151.9337084612,1255
580143.7680907375,1256
377709.6043766213,1257
615130.45984218,1258
912980.7531157504,1259
566035.60151742,1260
359830.6524205674,1261
370128.91721445293,1262
868283.1203503892,1263
356513.7885627483,1264
1299263.4621152042,1265
341524.4856652874,1266
513870.7647443999,1267
407803.5431439676,1268
367438.4250610339,1269
731385.4091110571,1270
1246483.1357753843,1271
625436.2385782375,1272
1121750.2903815387,1273
604843.716705432,1274
376467.96666176536,1275
1650527.8972234817,1276
587207.5567329765,1277
845915.6139566031,1278
1191560.3548039743,1279
229445.3720226396,1280
445842.76718080614,1281
1158829.053699387,1282
881908.905239585,1283
536636.0203816186,1284
991580.4641140547,1285
368027.80758728756,1286
368107.6444010092,1287
374748.5744271903,1288
295535.09829048475,1289
1577460.6333463732,1290
894077.3089911335,1291
584492.2275642552,1292
615130.45984218,1293
1199366.7375862636,1294
390027.41257646924,1295
675412.2466240413,1296
382378.13302887813,1297
241437.25512491894,1298
566035.60151742,1299
1375286.9218110077,1300
262332.7995615084,1301
1130944.3391595003,1302
526358.7458327655,1303
525846.1254540298,1304
655226.1484262812,1305
839377.9533612076,1306
432296.9169238216,1307
1510590.688993775,1308
677189.8362035083,1309
295535.09829048475,1310
427393.1227853917,1311
321911.75456508383,1312
813252.8620848245,1313
359830.6524205674,1314
1393416.5793317892,1315
1297266.025953252,1316
281524.1686009311,1317
350417.1645609457,1318
545637.0141796295,1319
655226.1484262812,1320
1310561.6347140982,1321
1184446.7396274572,1322
813252.8620848245,1323
508565.2736485325,1324
405820.96996625746,1325
744691.2024247586,1326
610000.5548000183,1327
266161.2125685655,1328
285346.4298385663,1329
364261.5141395644,1330
347885.890093107,1331
1122075.1927181676,1332
566035.60151742,1333
782106.2305772717,1334
900211.476246609,1335
604843.716705432,1336
451841.4501308547,1337
368107.6444010092,1338
527815.6379605118,1339
333168.55799900996,1340
764723.9364530572,1341
610792.398141698,1342
1868858.0042658441,1343
1160842.5737786277,1344
991580.4641140547,1345
1577668.521487119,1346
675926.848154604,1347
726487.7633522275,1348
647261.3524077672,1349
414570.10445517156,1350
384626.99740055524,1351
566035.60151742,1352
1385105.895670778,1353
618844.490879715,1354
598890.0728385234,1355
407803.5431439676,1356
602328.0150044742,1357
333168.55799900996,1358
580143.7680907375,1359
519279.6421362464,1360
566035.60151742,1361
813224.9299922198,1362
609142.7124144675,1363
721839.6609164162,1364
565937.5722022691,1365
997958.7141562244,1366
836174.1754440133,1367
368107.6444010092,1368
333168.55799900996,1369
346610.0289712607,1370
224608.92556496113,1371
756735.2960787121,1372
386006.9057691774,1373
317012.5140104994,1374
1362640.6028658862,1375
459862.2597455442,1376
627485.2773874013,1377
384120.25710237666,1378
371115.773056074,1379
404964.46085981926,1380
197373.0966007237,1381
949747.657421094,1382
197988.10580264608,1383
714636.7839532815,1384
548612.0397769524,1385
1229002.8958547479,1386
670554.7733167973,1387
683597.4596008746,1388
298790.89508972433,1389
1521971.7872331275,1390
744888.4517165273,1391
267135.8604736516,1392
378311.86486592103,1393
368027.80758728756,1394
1470131.9540634248,1395
334201.4653653941,1396
827789.2001358836,1397
563757.0729847164,1398
795542.2674149779,1399
895178.1731791487,1400
384981.6007669197,1401
377470.79602094175,1402
961686.9211893368,1403
362064.4268808093,1404
1877776.504158671,1405
513870.7647443999,1406
403544.56253353175,1407
426289.40717805433,1408
728631.435784235,1409
1218881.7083531749,1410
282370.19862819405,1411
1120165.7816273733,1412
1376919.3246907422,1413
1219321.0190476186,1414
876677.530490206,1415
480755.14469549246,1416
1176278.0173875303,1417
584492.2275642552,1418
243674.73099679724,1419
841357.1143617298,1420
1851233.1414212142,1421
1160842.5737786277,1422
667334.4278766369,1423
377709.6043766213,1424
354960.93510828406,1425
332273.4696470418,1426
805213.1525348219,1427
578296.6374910555,1428
720756.2269982231,1429
685184.2127039112,1430
796950.5084952662,1431
655429.9907041502,1432
773230.6014353749,1433
321911.75456508383,1434
397059.6018359727,1435
610000.5548000183,1436
1019175.2911785708,1437
1389797.7409038278,1438
1692304.524832044,1439
966054.4042992902,1440
566035.60151742,1441
1045555.6261933061,1442
519279.6421362464,1443
1243289.5071952532,1444
272469.1532010813,1445
566035.60151742,1446
370481.8312596291,1447
1012822.2895361773,1448
1142768.9192792345,1449
298790.89508972433,1450
751908.702262872,1451
345166.16414761887,1452
1243289.5071952532,1453
346610.0289712607,1454
404287.7025802081,1455
524406.8084463202,1456
315396.74579036125,1457
657853.3308775419,1458
368107.6444010092,1459
301477.1009404661,1460
377470.79602094175,1461
1162898.869783581,1462
666917.2495096908,1463
422987.01437063806,1464
546045.735244619,1465
486813.58357615117,1466
1104378.2865158762,1467
949747.657421094,1468
384120.25710237666,1469
932078.050730735,1470
368107.6444010092,1471
636305.5525519382,1472
527815.6379605118,1473
519279.6421362464,1474
1331496.9989610384,1475
845027.5853308252,1476
416964.4096672453,1477
318987.24638671917,1478
394409.19679737085,1479
397059.6364814633,1480
451336.6145276732,1481
321911.75456508383,1482
592117.9867406777,1483
1316016.6892051517,1484
610792.398141698,1485
484033.3412500872,1486
381523.04065974505,1487
445842.76718080614,1488
604843.716705432,1489
1166815.2399322328,1490
782106.2305772717,1491
340453.91821313894,1492
1183814.1632695019,1493
778361.4162181473,1494
328913.3173723655,1495
657853.3308775419,1496
1309064.681441689,1497
377470.79602094175,1498
291518.6855114247,1499
293174.69832438114,1500
515329.93755989,1501
1127957.6492671096,1502
1160842.5737786277,1503
1332271.3677943826,1504
666917.2495096908,1505
414570.10445517156,1506
477616.8289056562,1507
1057965.663492064,1508
426872.2104355756,1509
877568.3334028642,1510
378311.86486592103,1511
1439624.3627484129,1512
702237.616413393,1513
1393416.5793317892,1514
753034.3708134651,1515
507032.48143177415,1516
546045.735244619,1517
632755.7291435516,1518
304872.0976880131,1519
250041.26489416257,1520
243790.9627422028,1521
860624.4457345579,1522
566035.60151742,1523
384626.99740055524,1524
231701.6335179613,1525
298954.7974080922,1526
546045.735244619,1527
318987.24638671917,1528
1160842.5737786277,1529
588227.022904672,1530
1017580.3896366291,1531
1607621.0289002825,1532
845027.5853308252,1533
300711.15470440866,1534
351775.82952818,1535
356513.7885627483,1536
1833072.9449974047,1537
388355.52555236476,1538
333130.401184361,1539
714636.7839532815,1540
893711.8116637039,1541
488828.82138761354,1542
587207.5567329765,1543
261386.94168879747,1544
566035.60151742,1545
397059.6364814633,1546
1393416.5793317892,1547
592117.9867406777,1548
510658.1485645679,1549
384383.93126102287,1550
427393.1227853917,1551
527815.6379605118,1552
1343633.3194652717,1553
1017428.6521933625,1554
1298011.8363787176,1555
359830.6524205674,1556
390027.41257646924,1557
682164.2939110385,1558
348447.02746099205,1559
384120.25710237666,1560
598890.0728385234,1561
556743.2793796395,1562
403544.56253353175,1563
427393.1227853917,1564
269657.838228196,1565
298790.89508972433,1566
251742.9844744818,1567
578296.6374910555,1568
459862.2597455442,1569
368027.80758728756,1570
427393.1227853917,1571
718556.8550420938,1572
625436.2385782375,1573
664197.2639396363,1574
581144.3381893057,1575
408953.28426048136,1576
346610.0289712607,1577
231701.6335179613,1578
622269.5029658431,1579
371115.773056074,1580
573762.0609291105,1581
1083757.2971853816,1582
317012.5140104994,1583
494101.39248444274,1584
346610.0289712607,1585
377709.6043766213,1586
362064.4268808093,1587
1127957.6492671096,1588
475552.330065016,1589
318987.24638671917,1590
978558.1895601363,1591
347885.890093107,1592
379383.3028644388,1593
379383.3028644388,1594
299251.15021840966,1595
757792.3372464315,1596
702237.616413393,1597
927562.1135566771,1598
1287637.3824898545,1599
368107.6444010092,1600
1678659.990392857,1601
519279.6421362464,1602
333168.55799900996,1603
1142768.9192792345,1604
375131.6479759006,1605
346610.0289712607,1606
692857.240614344,1607
675859.753155473,1608
536636.0203816186,1609
675926.848154604,1610
726878.3053517193,1611
631713.0261752659,1612
281524.1686009311,1613
368107.6444010092,1614
318987.24638671917,1615
536636.0203816186,1616
1640151.7445510367,1617
683325.6335513768,1618
1488578.7909733243,1619
427393.1227853917,1620
566035.60151742,1621
1253291.1158938517,1622
550867.2187120618,1623
554445.4239989851,1624
583550.0475974968,1625
292863.9739525634,1626
893711.8116637039,1627
245155.6250356299,1628
591456.1351073483,1629
526358.7458327655,1630
1134618.5124567302,1631
377709.6043766213,1632
636111.958262351,1633
432296.9169238216,1634
1267800.2246264727,1635
581662.0311708684,1636
355243.3432612689,1637
1766146.7863625784,1638
515468.40905468137,1639
827789.2001358836,1640
377470.79602094175,1641
362064.4268808093,1642
1476480.9803849447,1643
980277.5837202019,1644
1475499.76242686,1645
740377.2633580841,1646
795542.2674149779,1647
331872.49784094223,1648
747517.7385658341,1649
352366.02194813767,1650
841357.1143617298,1651
1160842.5737786277,1652
806552.3876883893,1653
361860.8219030363,1654
1160842.5737786277,1655
843249.4273414912,1656
1883909.8029467382,1657
459862.2597455442,1658
1650527.8972234817,1659
390027.41257646924,1660
346493.7140720209,1661
262357.0093098496,1662
984404.0493773354,1663
1754551.1620414173,1664
356513.7885627483,1665
349170.2752165944,1666
580143.7680907375,1667
362064.4268808093,1668
380449.1769790398,1669
664197.2639396363,1670
403544.56253353175,1671
1396347.1808969178,1672
670554.7733167973,1673
400340.33457034593,1674
1470131.9540634248,1675
583508.0133914355,1676
317012.5140104994,1677
362064.4268808093,1678
367438.4250610339,1679
383274.69209543127,1680
397059.6364814633,1681
519279.6421362464,1682
403544.56253353175,1683
333168.55799900996,1684
1189028.322431782,1685
583508.0133914355,1686
386006.9057691774,1687
407803.5431439676,1688
382134.2960150956,1689
1038753.7642478023,1690
1057720.417987499,1691
377470.79602094175,1692
291518.6855114247,1693
975777.6305077397,1694
578296.6374910555,1695
542389.1570224422,1696
397059.6364814633,1697
325590.56392769207,1698
571519.678545685,1699
361860.8219030363,1700
519279.6421362464,1701
961686.9211893368,1702
664197.2639396363,1703
598708.4739822596,1704
1254482.7978804624,1705
772721.1091342177,1706
399664.85251214146,1707
839846.2384188491,1708
267135.8604736516,1709
961936.648430015,1710
439406.3549765978,1711
374767.3306288812,1712
346610.0289712607,1713
367438.4250610339,1714
494323.679870329,1715
386006.9057691774,1716
437805.60203832574,1717
346493.7140720209,1718
336373.1044394095,1719
347885.890093107,1720
336373.1044394095,1721
747517.7385658341,1722
292651.54451321496,1723
702237.616413393,1724
991580.4641140547,1725
367438.4250610339,1726
1012028.0113448624,1727
999448.9730429531,1728
1550850.7691804026,1729
243674.73099679724,1730
527815.6379605118,1731
587207.5567329765,1732
1301182.5031330152,1733
437805.60203832574,1734
1052922.6910389822,1735
592117.9867406777,1736
527815.6379605118,1737
359830.6524205674,1738
632755.7291435516,1739
368107.6444010092,1740
565903.7060145601,1741
943825.7074843256,1742
1301182.5031330152,1743
219345.0724121801,1744
382452.3714273621,1745
482234.7788914986,1746
996766.3679507772,1747
423449.5924766151,1748
1327624.4145094317,1749
785586.4390703721,1750
572981.2126874063,1751
267559.98014917225,1752
414570.10445517156,1753
235869.80503514048,1754
374748.5744271903,1755
244800.43495547774,1756
433926.4338970714,1757
383274.69209543127,1758
525846.1254540298,1759
1058931.5442442931,1760
986992.2973444447,1761
1225489.412392155,1762
381523.04065974505,1763
1366930.5665299133,1764
1171578.6276160893,1765
536636.0203816186,1766
716842.3278896109,1767
400680.26029185037,1768
1182769.4689999751,1769
1541660.5429923113,1770
499709.4066412395,1771
618534.126849476,1772
289398.88155536057,1773
377709.6043766213,1774
386006.9057691774,1775
1650527.8972234817,1776
430639.3891952955,1777
1364127.021807691,1778
971645.8476808635,1779
192765.0590731855,1780
383274.69209543127,1781
365749.1230031744,1782
399664.85251214146,1783
482437.85755593143,1784
570007.5432580519,1785
731385.4091110571,1786
639407.8390130232,1787
370372.8333666264,1788
997708.9691850648,1789
961936.648430015,1790
721839.6609164162,1791
780347.6563032448,1792
400340.33457034593,1793
1071728.6632377848,1794
370372.8333666264,1795
1237426.4906476191,1796
1819993.6085875037,1797
384383.93126102287,1798
957337.0100857138,1799
265754.48185480654,1800
607902.2382827323,1801
566035.60151742,1802
805565.9418799683,1803
1332736.7007512767,1804
346418.9960362413,1805
618534.126849476,1806
681594.7687474408,1807
583508.0133914355,1808
1650527.8972234817,1809
295535.09829048475,1810
525846.1254540298,1811
346610.0289712607,1812
747517.7385658341,1813
359830.6524205674,1814
382378.13302887813,1815
390027.41257646924,1816
472108.98818759725,1817
583550.0475974968,1818
605122.2134251884,1819
370372.8333666264,1820
383262.5354087471,1821
508053.0343908371,1822
354960.93510828406,1823
1503932.094990641,1824
685222.0789242561,1825
359830.6524205674,1826
360028.63162259036,1827
596747.6398062372,1828
1322758.4825888516,1829
1062216.904460113,1830
378311.86486592103,1831
1627423.7135281737,1832
1125284.5374667873,1833
1087842.5070324708,1834
219345.0724121801,1835
318987.24638671917,1836
1265502.1919683798,1837
397059.6364814633,1838
309292.72685911105,1839
683989.4931125281,1840
618534.126849476,1841
333563.31300890166,1842
368107.6444010092,1843
677342.860289063,1844
386006.9057691774,1845
1448157.8455473727,1846
346610.0289712607,1847
931785.0694025956,1848
1283839.3805307422,1849
283439.4452603879,1850
287659.356299348,1851
632755.7291435516,1852
782020.266259344,1853
348447.02746099205,1854
702237.616413393,1855
767414.9131737305,1856
1075209.3748672926,1857
361604.1337818059,1858
495213.368918761,1859
652635.6093724084,1860
1332613.983365083,1861
779458.5931053392,1862
347885.890093107,1863
404964.46085981926,1864
1084359.939073222,1865
330646.1134605904,1866
423609.90426399664,1867
267135.8604736516,1868
1480755.5654326233,1869
231701.6335179613,1870
346610.0289712607,1871
689074.8680233293,1872
844777.1263089969,1873
1029803.8374864183,1874
542190.8982911746,1875
1225313.6783147275,1876
702237.616413393,1877
545233.7733499903,1878
721839.6609164162,1879
1137796.815873016,1880
317012.5140104994,1881
381523.04065974505,1882
616931.7624672021,1883
971645.8476808635,1884
677342.860289063,1885
566035.60151742,1886
816567.5764657722,1887
198469.408373341,1888
247002.52909145894,1889
951894.560099807,1890
386006.9057691774,1891
639407.8390130232,1892
278399.11038481165,1893
650579.9985018406,1894
509686.8359822672,1895
536636.0203816186,1896
1314913.6163502252,1897
991580.4641140547,1898
731741.1110632947,1899
378311.86486592103,1900
426289.40717805433,1901
374748.5744271903,1902
1883909.8029467382,1903
527815.6379605118,1904
566035.60151742,1905
585510.0024648126,1906
318927.21513078606,1907
1338841.7500635837,1908
900211.476246609,1909
653665.3599613764,1910
639407.8390130232,1911
592117.9867406777,1912
245155.6250356299,1913
346487.952961227,1914
1108966.5126020429,1915
649760.1175017119,1916
604843.716705432,1917
591328.2740652,1918
1070165.5837818957,1919
189579.21387706793,1920
806552.3876883893,1921
912630.0001880908,1922
950794.3327004996,1923
440166.7743899972,1924
432296.9169238216,1925
1120165.7816273733,1926
351187.9169736656,1927
245155.6250356299,1928
536636.0203816186,1929
1715596.086864234,1930
1327624.4145094317,1931
943825.7074843256,1932
381523.04065974505,1933
367438.4250610339,1934
422987.01437063806,1935
1033421.1894238867,1936
592117.9867406777,1937
836174.1754440133,1938
1057726.6264485007,1939
374748.5744271903,1940
267559.98014917225,1941
330646.1134605904,1942
1012028.0113448624,1943
265754.48185480654,1944
386006.9057691774,1945
566035.60151742,1946
768683.2203716288,1947
940002.5091073627,1948
374748.5744271903,1949
503276.30669757165,1950
556743.2793796395,1951
519279.6421362464,1952
507032.48143177415,1953
588227.022904672,1954
346487.952961227,1955
459862.2597455442,1956
318987.24638671917,1957
731385.4091110571,1958
991580.4641140547,1959
507238.97279769735,1960
804481.6682932281,1961
598890.0728385234,1962
371115.773056074,1963
306007.1132122138,1964
219345.0724121801,1965
584492.2275642552,1966
371115.773056074,1967
839377.9533612076,1968
833525.6121050429,1969
192765.0590731855,1970
715107.4176086343,1971
566035.60151742,1972
451841.4501308547,1973
508053.0343908371,1974
1189028.322431782,1975
384626.99740055524,1976
207083.4175100941,1977
403544.56253353175,1978
845915.6139566031,1979
478788.35776416253,1980
1083757.2971853816,1981
1058931.5442442931,1982
906442.4392000096,1983
731741.1110632947,1984
508053.0343908371,1985
351187.9169736656,1986
318987.24638671917,1987
781535.6741656985,1988
592117.9867406777,1989
1147485.4229999029,1990
272264.7632995168,1991
384981.6007669197,1992
288393.8233786769,1993
1496783.6158296296,1994
762951.2971106058,1995
353381.3933482606,1996
388355.52555236476,1997
731385.4091110571,1998
295535.09829048475,1999
